Portia,Castaneda,1-812-365-9575,05/10/92,182431
Wylie,Wood,1-629-394-1323,03/15/04,254813
Sean,Mclaughlin,1-351-684-0048,08/17/14,160717
Chaim,Bauer,1-604-684-2425,08/14/10,94686
Trevor,Vaughn,1-784-777-7534,07/17/03,176430
Levi,Rowe,1-805-805-1253,02/24/03,439906
Ahmed,Roberson,1-406-420-6815,03/20/14,475883
Kamal,Mcdaniel,1-690-597-1163,03/21/06,125346
Basia,Hale,1-220-251-8757,05/02/13,84665
Octavia,Massey,1-440-888-6111,03/04/99,316083
Edan,Pennington,1-302-776-3370,02/04/02,50812
Willa,Luna,1-300-247-9271,11/14/94,205659
Maris,Ashley,1-288-126-0921,07/03/10,304534
Veronica,Joyce,1-627-996-6498,02/09/16,356534
Ian,Dennis,1-945-566-3338,07/30/09,167822
Jessamine,Levine,1-319-897-2657,04/01/91,124726
Montana,Barker,1-903-871-5904,03/17/05,389230
Rajah,Roach,1-322-829-2650,11/04/11,362728
Eagan,Juarez,1-201-963-3436,01/29/07,233796
David,Case,1-753-180-4864,05/26/94,139197
Brynne,Strong,1-987-923-8143,01/19/17,225379
Deborah,Church,1-631-100-7366,06/30/02,84419
Hilel,Duke,1-813-705-7339,06/11/13,419211
Hannah,Rivers,1-218-216-3714,04/15/14,489452
Hashim,Gross,1-600-112-5371,09/18/17,300236
Judith,Webb,1-144-828-7491,08/23/96,201132
Hoyt,Trujillo,1-850-101-9014,06/16/10,274096
Herman,Kidd,1-432-329-8533,04/13/11,52849
Lynn,Thomas,1-583-144-6596,07/21/93,412000
Xander,Curtis,1-679-620-7223,12/14/08,139273
Hall,Mcintyre,1-874-394-6308,07/03/02,472619
Gabriel,Hahn,1-614-115-0878,11/20/00,244116
Russell,Ryan,1-455-851-4829,08/01/04,224621
Beck,Whitley,1-179-704-2911,09/18/17,401048
Odette,Conner,1-869-554-6004,08/21/92,150045
Celeste,Raymond,1-885-448-3280,11/05/12,142826
Francesca,Lindsay,1-125-130-9845,04/11/05,382428
Steel,Cook,1-457-395-9585,05/30/13,291007
Lavinia,Lott,1-870-536-1413,11/24/06,282801
Fay,Hurst,1-777-306-1718,04/24/00,368129
Eaton,Bates,1-520-101-7328,09/13/06,439906
Alec,Short,1-943-864-5626,12/07/95,318135
Naida,Whitehead,1-646-123-3767,01/27/12,263348
Ciara,Sullivan,1-818-571-1664,08/27/06,126315
Flynn,Caldwell,1-296-287-9707,03/30/94,108458
Suki,Riddle,1-130-584-9077,07/06/17,393695
Jerry,Rowe,1-243-506-4860,08/06/98,368505
Ross,Koch,1-427-415-8459,01/28/07,293463
Abdul,Obrien,1-226-518-6250,04/06/17,146994
Yael,Yates,1-521-645-6908,04/27/98,338830
Sasha,Foster,1-645-238-5991,11/17/99,408209
Pandora,Duran,1-494-629-3508,04/30/12,204380
Hadley,Cross,1-219-267-1200,11/14/92,339484
Kylynn,Hill,1-896-756-1917,09/17/13,142441
Callum,Avery,1-799-825-8350,11/09/90,454442
Georgia,Gamble,1-665-994-3829,02/15/17,434188
Cynthia,Wade,1-154-978-7231,01/12/04,485875
Nyssa,Parsons,1-543-252-3282,01/15/99,56942
Dorothy,Salinas,1-681-358-9907,11/03/91,238784
Miriam,Shepherd,1-988-600-4067,01/27/95,333647
Malachi,Mayo,1-856-104-6943,08/16/96,230152
Clark,Pierce,1-909-315-5964,02/28/15,112538
Melyssa,Hammond,1-793-139-8939,09/10/99,50892
Larissa,Meyers,1-795-758-4126,08/12/91,368263
Carissa,Mayer,1-186-799-0879,03/13/06,138502
Breanna,Pitts,1-653-124-6088,09/16/90,135535
Jasper,Harper,1-997-680-0839,04/30/99,365741
Nehru,Knox,1-889-577-2375,07/18/99,245467
Adara,Richard,1-526-499-4274,06/24/93,388085
Lee,Vaughan,1-629-258-0999,04/11/11,399516
Wynter,Holcomb,1-826-739-8602,02/28/98,50487
Wyoming,Mcfarland,1-544-909-9924,07/12/00,114103
Ainsley,Hodge,1-516-250-2702,12/21/03,261333
Yoshio,Hunter,1-796-688-1299,03/24/99,324761
Aline,Mccall,1-184-585-4376,06/02/93,466978
Alika,Barron,1-758-188-3907,09/01/07,226063
Wayne,Wiley,1-709-503-2700,07/11/10,163478
Quamar,Williamson,1-711-612-2868,02/16/06,227299
Astra,Wong,1-403-526-6856,02/18/01,198023
Charity,Norton,1-988-183-4823,06/06/97,483137
Christian,Cotton,1-612-218-2094,05/15/96,401357
Bree,Dunlap,1-101-882-7298,09/19/11,197441
Mechelle,Morris,1-176-841-5601,03/14/95,102192
Nehru,Mcintyre,1-706-778-6735,11/04/11,255549
Sebastian,Mckee,1-548-898-2575,07/19/15,152337
Steven,Burt,1-197-766-4335,11/08/14,319480
Daphne,Moss,1-627-988-7813,06/13/02,339640
Ramona,Santana,1-869-826-6285,04/08/01,430851
Bevis,Mccarty,1-612-638-1258,07/20/96,392136
Candice,Vaughn,1-797-644-5979,02/09/07,266868
Roary,Duncan,1-304-173-8453,07/14/97,228858
Josiah,Williams,1-971-504-8594,12/28/93,114322
Olga,Hicks,1-826-883-0852,12/07/00,257787
Lance,Mayo,1-991-515-2146,07/28/93,296058
Catherine,Cameron,1-839-434-1331,05/02/14,72791
Naomi,Boyle,1-912-206-0226,06/04/12,116838
Lee,Case,1-253-603-5732,03/26/13,444348
Blair,Cantu,1-214-803-2751,03/02/98,94379
Maxine,Guerra,1-258-346-5200,11/15/08,355808
Linus,Hess,1-873-139-9170,03/02/16,170552